{
  "KR1_1_diffusion_quality": {
    "v9_hyb_52M": {
      "1": {
        "H": 2.5704794013679972,
        "KL": 1.4809535713740205,
        "len": 80.0,
        "n": 8
      },
      "3": {
        "H": 2.529993475477462,
        "KL": 1.4415738955832338,
        "len": 80.0,
        "n": 8
      },
      "5": {
        "H": 2.7108200792132906,
        "KL": 1.6126117807164815,
        "len": 80.0,
        "n": 8
      },
      "10": {
        "H": 2.6266986597149233,
        "KL": 1.2241744820770353,
        "len": 80.0,
        "n": 8
      }
    },
    "v12_hyb_200M": {
      "1": {
        "H": 3.4209529231908555,
        "KL": 1.9557515649320325,
        "len": 80.0,
        "n": 8
      },
      "3": {
        "H": 3.4885777743609223,
        "KL": 2.299068538910637,
        "len": 80.0,
        "n": 8
      },
      "5": {
        "H": 3.4477557927072136,
        "KL": 2.0059080139138494,
        "len": 80.0,
        "n": 8
      },
      "10": {
        "H": 3.438842353095805,
        "KL": 2.346852237005012,
        "len": 80.0,
        "n": 8
      }
    }
  },
  "KR1_3_speed_ms_per_char": {
    "v9_pure_52M": {
      "ms_per_char": 5.940109491348267,
      "ms_std": 0.33082790821442154,
      "n": 20
    },
    "v9_hyb_52M_encoder": {
      "ms_per_char": 7.195385694503784,
      "ms_std": 0.2488443703048822,
      "n": 20
    },
    "v9_hyb_52M_diff5": {
      "ms_per_char": 6.951382160186768,
      "ms_std": 0.274474811691273,
      "n": 20
    },
    "v9_hyb_52M_diff10": {
      "ms_per_char": 7.284191846847534,
      "ms_std": 0.4525304993944621,
      "n": 20
    },
    "v12_pure_200M": {
      "ms_per_char": 6.377649307250977,
      "ms_std": 0.27811806473439654,
      "n": 20
    },
    "v12_hyb_200M_diff5": {
      "ms_per_char": 6.222275495529175,
      "ms_std": 0.3435808803111934,
      "n": 20
    }
  },
  "KR3_1_controllability_smoothness": {
    "v9_hyb_52M": 0.08641355631879577,
    "v12_hyb_200M": 0.10525933000163201
  },
  "device": "cuda",
  "timestamp": 1781620139.4653254
}