{
  "v25_ar_ms": 764.4809246063232,
  "v25_ar_p50_ms": 759.285569190979,
  "configs": [
    {
      "K": 5,
      "mean_ms": 663.0046129226685,
      "p50_ms": 667.5313711166382,
      "accept_rate_pct": 65.3763440860215,
      "avg_accepted_per_round": 3.2688172043010755,
      "tokens_per_round": 4.268817204301076,
      "speedup_vs_ar": 1.1530552121444904
    },
    {
      "K": 10,
      "mean_ms": 785.1927757263184,
      "p50_ms": 799.1460561752319,
      "accept_rate_pct": 47.57575757575758,
      "avg_accepted_per_round": 4.757575757575758,
      "tokens_per_round": 5.757575757575758,
      "speedup_vs_ar": 0.9736219540470985
    },
    {
      "K": 20,
      "mean_ms": 1169.7020292282104,
      "p50_ms": 1180.4556846618652,
      "accept_rate_pct": 32.0253164556962,
      "avg_accepted_per_round": 6.405063291139241,
      "tokens_per_round": 7.405063291139241,
      "speedup_vs_ar": 0.6535689479061099
    }
  ],
  "ppl_ar": 2.4448384102061076
}