{
  "v25_ar_ms": 502.1653652191162,
  "v27_ms": 619.7508096694946,
  "speedup": 0.8102698009977829,
  "prefix_match": 1
}