{
  "val_ppl_curve": [
    [
      2000,
      17.38238845298387
    ],
    [
      4000,
      14.330405241358067
    ],
    [
      6000,
      12.806615336203098
    ],
    [
      8000,
      11.77492388441378
    ]
  ],
  "config": "A1_long_v28",
  "total_steps": 8000
}