{
  "experiment": "exp25_baseline_bpe_32k",
  "n_params_M": 2.56704,
  "val_ppl_curve": [
    [
      1000,
      474.4010307027533
    ],
    [
      2000,
      256.6951788282867
    ],
    [
      3000,
      192.52779525450694
    ],
    [
      4000,
      155.34380599497567
    ],
    [
      5000,
      131.55808408768198
    ],
    [
      6000,
      114.72937432786298
    ],
    [
      7000,
      102.02811955718093
    ],
    [
      8000,
      94.00292354244526
    ],
    [
      9000,
      85.47325702308929
    ],
    [
      10000,
      79.98067062538598
    ],
    [
      11000,
      75.30459355519216
    ],
    [
      12000,
      71.3185941962403
    ],
    [
      13000,
      68.10223835803738
    ],
    [
      14000,
      65.58126060559759
    ],
    [
      15000,
      62.8019602883783
    ],
    [
      16000,
      60.99769808449216
    ],
    [
      17000,
      59.096172306900414
    ],
    [
      18000,
      57.893740297223694
    ],
    [
      19000,
      56.949313785756665
    ],
    [
      20000,
      56.01522302799996
    ],
    [
      21000,
      54.93095925799734
    ],
    [
      22000,
      54.062686969242506
    ],
    [
      23000,
      53.82778020216818
    ],
    [
      24000,
      53.12285179656283
    ],
    [
      25000,
      52.698353950668995
    ],
    [
      26000,
      52.31192973030882
    ],
    [
      27000,
      51.90224944240965
    ],
    [
      28000,
      51.726420128942074
    ],
    [
      29000,
      51.42015270169886
    ],
    [
      30000,
      51.24535901598437
    ],
    [
      31000,
      50.99538083991072
    ],
    [
      32000,
      50.92136044794053
    ]
  ],
  "ckpt_history": [
    "D:\\CrystaLLM\\experiments\\v49_pre\\results\\exp25_ckpts\\baseline_step_4000.pt",
    "D:\\CrystaLLM\\experiments\\v49_pre\\results\\exp25_ckpts\\baseline_step_8000.pt",
    "D:\\CrystaLLM\\experiments\\v49_pre\\results\\exp25_ckpts\\baseline_step_12000.pt",
    "D:\\CrystaLLM\\experiments\\v49_pre\\results\\exp25_ckpts\\baseline_step_16000.pt",
    "D:\\CrystaLLM\\experiments\\v49_pre\\results\\exp25_ckpts\\baseline_step_20000.pt",
    "D:\\CrystaLLM\\experiments\\v49_pre\\results\\exp25_ckpts\\baseline_step_24000.pt",
    "D:\\CrystaLLM\\experiments\\v49_pre\\results\\exp25_ckpts\\baseline_step_28000.pt",
    "D:\\CrystaLLM\\experiments\\v49_pre\\results\\exp25_ckpts\\baseline_step_32000.pt"
  ],
  "final_ppl": 50.92136044794053
}