{
  "experiment": "exp25_cmt_bpe_32k",
  "n_params_M": 3.05216,
  "val_ppl_curve": [
    [
      1000,
      1313.3982399942372
    ],
    [
      2000,
      814.8120196940691
    ],
    [
      3000,
      467.94419428565175
    ],
    [
      4000,
      331.33979275326834
    ],
    [
      5000,
      261.35764536280533
    ],
    [
      6000,
      217.39026758875133
    ],
    [
      7000,
      181.7926160540402
    ],
    [
      8000,
      151.8074093951466
    ],
    [
      9000,
      92.02207861046355
    ],
    [
      10000,
      5.945840947147156
    ],
    [
      11000,
      2.1134297330899185
    ],
    [
      12000,
      1.3982216898907147
    ],
    [
      13000,
      1.1652615319154616
    ],
    [
      14000,
      1.0817833151277823
    ],
    [
      15000,
      1.0491039904979274
    ],
    [
      16000,
      1.0346252407741394
    ],
    [
      17000,
      1.0260474587566404
    ],
    [
      18000,
      1.0212742863606685
    ],
    [
      19000,
      1.0183565247596125
    ],
    [
      20000,
      1.016896549991918
    ],
    [
      21000,
      1.0162215506913719
    ],
    [
      22000,
      1.0159983461354174
    ],
    [
      23000,
      1.0147929812239453
    ],
    [
      24000,
      1.0154859161263623
    ],
    [
      25000,
      1.0154249510409938
    ],
    [
      26000,
      1.0153000564551247
    ],
    [
      27000,
      1.015449798146453
    ],
    [
      28000,
      1.0151241163550382
    ],
    [
      29000,
      1.0152272460710838
    ],
    [
      30000,
      1.0157403783297665
    ],
    [
      31000,
      1.0154365049160807
    ],
    [
      32000,
      1.0160149350575287
    ]
  ],
  "ckpt_history": [
    "D:\\CrystaLLM\\experiments\\v49_pre\\results\\exp25_ckpts\\cmt_step_4000.pt",
    "D:\\CrystaLLM\\experiments\\v49_pre\\results\\exp25_ckpts\\cmt_step_8000.pt",
    "D:\\CrystaLLM\\experiments\\v49_pre\\results\\exp25_ckpts\\cmt_step_12000.pt",
    "D:\\CrystaLLM\\experiments\\v49_pre\\results\\exp25_ckpts\\cmt_step_16000.pt",
    "D:\\CrystaLLM\\experiments\\v49_pre\\results\\exp25_ckpts\\cmt_step_20000.pt",
    "D:\\CrystaLLM\\experiments\\v49_pre\\results\\exp25_ckpts\\cmt_step_24000.pt",
    "D:\\CrystaLLM\\experiments\\v49_pre\\results\\exp25_ckpts\\cmt_step_28000.pt",
    "D:\\CrystaLLM\\experiments\\v49_pre\\results\\exp25_ckpts\\cmt_step_32000.pt"
  ],
  "final_ppl": 1.0160149350575287,
  "early_stopped": false,
  "n_steps_target": 32000
}