{
  "exp_id": "v49_formal_training",
  "timestamp": "2026-06-21T21:17:42.267242",
  "config": {
    "n_steps": 30000,
    "batch_size": 8,
    "seq_len": 512,
    "d_model": 640,
    "n_layers": 8,
    "n_heads": 8,
    "lr": 0.0003,
    "warmup_steps": 1000,
    "grad_clip": 1.0,
    "use_8bit": true,
    "full_train": true,
    "max_train_samples": null,
    "seed": 42,
    "log_every": 500,
    "eval_every": 2000,
    "checkpoint_every": 10000,
    "output": "experiments/v49_pre/results/v49_30k_full.json"
  },
  "n_params": 68787200,
  "n_train_samples": 69307,
  "n_windows": 172686,
  "optimizer_type": "adamw_8bit",
  "metrics": {
    "tokens_per_sec": 36620.57405233613,
    "peak_memory_mb": 4695.57763671875,
    "total_tokens": 122878976,
    "elapsed_time": 3355.462856054306
  },
  "val_ppls": [
    [
      2000,
      1.0088135427149014
    ],
    [
      4000,
      1.0067963813757481
    ],
    [
      6000,
      1.0061431687130389
    ],
    [
      8000,
      1.00605314857984
    ],
    [
      10000,
      1.0059849596117603
    ],
    [
      12000,
      1.0060408408012607
    ],
    [
      14000,
      1.0059859551823114
    ],
    [
      16000,
      1.0058384861362066
    ],
    [
      18000,
      1.0058166695346578
    ],
    [
      20000,
      1.0057385537009833
    ],
    [
      22000,
      1.0057687331120142
    ],
    [
      24000,
      1.0056485792820853
    ],
    [
      26000,
      1.0055096186136736
    ],
    [
      28000,
      1.0055316250248778
    ],
    [
      30000,
      1.0054743844070007
    ]
  ],
  "final_val_ppl": 1.0052904934326103,
  "total_time_s": 3361.1689841747284
}