{
  "config": {
    "K": 100,
    "n_traj": 10,
    "device": "cuda"
  },
  "mse_at_horizon": {
    "1": {
      "cwf": 24.54327964782715,
      "ar_vq": 224.095947265625,
      "oracle": 0.17524118721485138
    },
    "5": {
      "cwf": 24.257049560546875,
      "ar_vq": 246.87074279785156,
      "oracle": 0.22206813097000122
    },
    "10": {
      "cwf": 24.788816452026367,
      "ar_vq": 281.7976989746094,
      "oracle": 0.2915003299713135
    },
    "25": {
      "cwf": 26.308290481567383,
      "ar_vq": 304.63470458984375,
      "oracle": 0.292170912027359
    },
    "50": {
      "cwf": 57.55671691894531,
      "ar_vq": 256.9498596191406,
      "oracle": 0.19212870299816132
    },
    "100": {
      "cwf": 46.17941665649414,
      "ar_vq": 252.57162475585938,
      "oracle": 0.20073410868644714
    }
  },
  "ept": {
    "CWF": {
      "@0.9": [
        2,
        2,
        2,
        2,
        2,
        2,
        2,
        2,
        2,
        2
      ],
      "@0.5": [
        2,
        4,
        2,
        2,
        2,
        2,
        2,
        2,
        2,
        3
      ]
    },
    "AR+VQ": {
      "@0.9": [
        3,
        2,
        2,
        3,
        2,
        4,
        2,
        4,
        3,
        3
      ],
      "@0.5": [
        16,
        2,
        2,
        16,
        2,
        6,
        2,
        5,
        16,
        9
      ]
    },
    "Oracle": {
      "@0.9": [
        100,
        100,
        100,
        100,
        100,
        3,
        5,
        3,
        100,
        100
      ],
      "@0.5": [
        100,
        100,
        100,
        100,
        100,
        100,
        100,
        3,
        100,
        100
      ]
    }
  },
  "lyapunov_D2_PSD": {
    "CWF": {
      "lyapunov": 0.0,
      "D_2": 0.0,
      "psd_shape": "delta",
      "psd_slope": -2.445621420343776
    },
    "AR+VQ": {
      "lyapunov": 40.2847437063853,
      "D_2": 0.0,
      "psd_shape": "delta",
      "psd_slope": -1.0041630147423912
    },
    "Oracle": {
      "lyapunov": 0.0,
      "D_2": 0.0,
      "psd_shape": "delta",
      "psd_slope": -3.7109582353265753
    },
    "Truth": {
      "lyapunov": 0.0,
      "D_2": 0.0,
      "psd_shape": "delta",
      "psd_slope": -3.9976832037086747
    }
  },
  "verdict": "TOTAL_FAIL"
}