{
  "config": {
    "n_steps": 2000,
    "batch_size": 32,
    "seq_len": 256,
    "lr": 0.001,
    "device": "cuda"
  },
  "cwf_params": 978768,
  "ar_vq_params": 762499,
  "cwf_history": {
    "loss": [
      319.98541259765625,
      27.798382499217986,
      13.822935762405395,
      11.529922890663148,
      8.372664390206337,
      6.87038752168417,
      5.582543422579765,
      4.124516968727112,
      3.846575872823596,
      3.627039022371173,
      3.0050397675484417
    ],
    "closure_max": [
      0.9990001320838928,
      0.9990001320838928,
      0.9990001320838928,
      0.9990001320838928,
      0.9990001320838928,
      0.999000072479248,
      0.9990001320838928,
      0.999000072479248,
      0.9990001320838928,
      0.999000072479248,
      0.9990001320838928
    ],
    "step": [
      1,
      200,
      400,
      600,
      800,
      1000,
      1200,
      1400,
      1600,
      1800,
      2000
    ]
  },
  "ar_vq_history": {
    "mse_loss": [
      296.34442138671875,
      264.2047309875488,
      257.611911239624,
      248.90499824523926,
      241.40345207214355,
      236.5786390686035,
      231.69093490600585,
      229.67824005126954,
      229.18067741394043,
      228.81009368896486,
      225.9427304840088
    ],
    "ce_loss": [
      5.55413293838501,
      6.223221528530121,
      9.700345044136048,
      9.792336111068726,
      9.878888568878175,
      9.785562958717346,
      9.638921699523927,
      9.556622505187988,
      9.296233692169189,
      9.135967946052551,
      9.037732491493225
    ],
    "vq_loss": [
      340.99420166015625,
      170.9554394865036,
      0.9658614841103553,
      0.8275923267006874,
      0.7173047475516796,
      0.6526186352968216,
      0.5967089375853538,
      0.5713000546395779,
      0.5536170606315136,
      0.5606705296039581,
      0.552657201141119
    ],
    "perplexity": [
      3.143045663833618,
      138.97677783489226,
      293.44717475891116,
      290.41067527770997,
      287.65943199157715,
      300.7622413635254,
      300.6899863433838,
      302.7445681762695,
      302.0168953704834,
      304.07317665100095,
      301.99106910705564
    ],
    "step": [
      1,
      200,
      400,
      600,
      800,
      1000,
      1200,
      1400,
      1600,
      1800,
      2000
    ]
  },
  "oracle_summary": {
    "1": 0.43335830173746215,
    "10": 0.2779252460837597,
    "50": 0.2741753102920484,
    "100": 0.2252861011220375
  }
}