{
  "config": {
    "decoder_params_M": 475.65184,
    "D_Z": 256,
    "DEC_LAYER": 24,
    "n_train": 6317,
    "n_val": 332,
    "vocab": 2262,
    "warm_start_from": "v22a_decoder",
    "data": "v23 sliding window 5000/5000"
  },
  "ppl": {
    "diffusion_z": 4.801584157102168,
    "encoder_mu": 4.771083934860123,
    "random_z": 4.8865194374113035
  },
  "ppl_ratio_diff_over_enc": 1.0063927238880024,
  "ppl_range_pct": 2.36232566000667,
  "speed_ms": {
    "v23_e2e": 2355.6674480438232,
    "v23_e2e_actual": 2280,
    "v22_e2e_actual": 2483,
    "note": "原 v22a 报告 847ms 为测量误差, 实际 ~2.5s. v23 与 v22 速度基本一致."
  },
  "comparison": {
    "v18_e2e_ppl": 17.71,
    "v20a_e2e_ppl": 13.05,
    "v21_e2e_ppl": 5.83,
    "v22a_e2e_ppl": 4.39,
    "v21_speed_ms": 786,
    "v22a_speed_ms": 847,
    "v21_train_samples": 1893,
    "v22a_train_samples": 1893,
    "v23_train_samples": 6317
  }
}