{
  "log": [
    {
      "step": 0,
      "loss": 5.532857418060303,
      "val_ppl": 629.1943840653748,
      "lr": 3.3333333333333334e-08
    },
    {
      "step": 2,
      "loss": 6.613706588745117,
      "val_ppl": 536.2217594290634,
      "lr": 1e-07
    },
    {
      "step": 4,
      "loss": 6.155370712280273,
      "val_ppl": 448.42962302473853,
      "lr": 1.6666666666666665e-07
    }
  ],
  "config": {
    "STEPS": 5,
    "T": 512,
    "D_Z": 256,
    "B": 4,
    "BLOCK_SIZE": 16,
    "LR": 1e-06,
    "WARMUP_STEPS": 30,
    "n_train": 19307,
    "n_val": 1016,
    "decoder_params_M": 476.18176,
    "best_val_ppl": 448.42962302473853,
    "n_val_batches_train": 4,
    "arch": "v42-per-block-z-injection-poc"
  }
}