{
  "log": [
    [
      0,
      7.588744163513184,
      6.066218376159668,
      7.254006385803223,
      1.0331628322601318,
      0.6859556436538696,
      0.75
    ],
    [
      500,
      3.4633522033691406,
      3.2579405307769775,
      3.5909852981567383,
      0.06692065298557281,
      0.7190634608268738,
      0.59375
    ],
    [
      1000,
      2.834078311920166,
      2.735257625579834,
      3.85738468170166,
      0.15657296776771545,
      0.5570145845413208,
      0.6875
    ],
    [
      1500,
      1.7242423295974731,
      1.602993369102478,
      3.5107176303863525,
      0.1886841356754303,
      0.42810070514678955,
      0.9375
    ],
    [
      2000,
      1.4030706882476807,
      1.5809054374694824,
      3.552330732345581,
      0.1846739649772644,
      0.35423749685287476,
      0.90625
    ],
    [
      2500,
      1.3441290855407715,
      1.4770417213439941,
      3.526754856109619,
      0.21839937567710876,
      0.34952282905578613,
      0.8125
    ],
    [
      2999,
      1.331323266029358,
      1.7113659381866455,
      3.54548978805542,
      0.20189723372459412,
      0.15757498145103455,
      0.9375
    ]
  ],
  "val_theme_acc": 0.8875,
  "per_theme_acc": {
    "UE_CPP": 0.7991967871485943,
    "JS_REACT": 0.9437340153452686
  },
  "edit_UE_to_JS_acc": 0.95,
  "config": {
    "STEPS": 3000,
    "W_THEME": 0.1,
    "N_THEMES": 2
  }
}