{
  "cos_sim_mean": 0.7258938550949097,
  "cos_sim_std": 0.2756407558917999,
  "ppl_encoder_mu": 2.78414249420166,
  "ppl_diffusion_z": 2.873929023742676,
  "ppl_ratio": 1.0322492579772795,
  "val_z_norm_mean": 4.4178876876831055,
  "diff_z_norm_mean": 4.52754020690918
}