{
  "v21_e2e_ms": 785.6630086898804,
  "v21_diff_ms": 4.50434684753418,
  "v21_ar_ms": 898.9221334457397,
  "baseline_500m_ms": 2664.9183988571167,
  "baseline_87m_ms": 567.11,
  "v21_over_500m": 0.29481691035148455,
  "v21_over_87m": 1.3853802766480583,
  "v21_ppl": 5.83,
  "baseline_500m_ppl": "TBD (training)",
  "baseline_87m_ppl": 11.46
}