{
  "v32_ar_ms": 903.6523342132568,
  "v32_sps_ms": 385.4234218597412,
  "speedup_vs_v32_ar": 2.3445703684871115,
  "speedup_vs_v28_5_ar": 1.4114347212608322,
  "speedup_vs_v31_sps": 0.5344771187127416,
  "accept_rate": 0.9247830279652844,
  "n_rounds_avg": 14,
  "drafter_M": 118.714368,
  "verifier_M": 633.5616
}