{
  "ppl_v32": 2.3721909076862238,
  "speed_ms": 905.7897090911865,
  "params_M": 633.5616,
  "speedup_vs_v28_5": 0.6005809014388296
}