{
  "v25_ar_kv_ms": 767.0474767684937,
  "sps_k5_kv_ms": 1053.8863897323608,
  "sps_k5_accept_pct": 86.95652173913044,
  "sps_k10_kv_ms": 2817.8998708724976,
  "sps_k10_accept_pct": 76.92307692307693,
  "sps_k20_kv_ms": 5307.26363658905,
  "sps_k20_accept_pct": 62.5,
  "ppl_v25": 2.4448384102061076
}