{
  "v25_ms": 484.7787618637085,
  "v29_ms": 490.83240032196045,
  "speedup_vs_v25": 0.9876665875066906,
  "speedup_vs_v26": 1.3507665744256219,
  "accept_rate": 0.47368421052631576,
  "drafter_M": 29.446357,
  "verifier_M": 476.14208
}