{
  "config": {
    "device": "NVIDIA GeForce RTX 5090",
    "batch": 1,
    "T_AR": 128,
    "n_diffusion_steps": 5,
    "decoder_params_M": 86.94,
    "diffusion_prior_params_K": 826
  },
  "diffusion_5step": {
    "mean_ms": 4.035350999969523,
    "std_ms": 0.5528191473005076,
    "p50_ms": 3.882600001816172,
    "p99_ms": 6.073942995353717
  },
  "diffusion_1step": {
    "mean_ms": 0.8346087998215808,
    "std_ms": 0.18705742372998943,
    "p50_ms": 0.7745500006421935,
    "p99_ms": 1.6931840017787174
  },
  "v19_e2e_5step_128ar": {
    "mean_ms": 602.7626939998299,
    "std_ms": 61.44817783738951,
    "p50_ms": 613.3965499975602,
    "p99_ms": 721.3803290029321
  },
  "ar_alone_128": {
    "mean_ms": 567.1137480001562,
    "std_ms": 68.12398161337974,
    "p50_ms": 579.4165000006615,
    "p99_ms": 689.4793119993845
  },
  "ar_per_step_ms": 4.43057615625122,
  "diffusion_overhead_pct": 0.7115593677987175,
  "kr13_check": {
    "pure_ar_proxy_ms": 567.1137480001562,
    "v19_e2e_ms": 602.7626939998299,
    "ratio": 1.0628603099913987,
    "target_1_30": "PASS"
  },
  "vs_174M_baseline_estimate": {
    "pure_ar_174M_ms_est": 1134.2274960003124,
    "ratio": 0.5314301549956993
  }
}