{
  "train_final_loss": 3.9103251266479493,
  "ppl_argmax": 13397.840473074584,
  "ppl_soft": 4167.970491832271,
  "ppl_hard": 10880.657734335797,
  "delta_soft_pct": -68.89072906780333,
  "delta_hard_pct": -18.78797365737805,
  "verdict": "VERIFIED",
  "config": {
    "d_model": 256,
    "nhead": 4,
    "n_layers": 2,
    "max_len": 128,
    "train_steps": 2000,
    "batch_size": 32,
    "lr": 0.0003,
    "num_val_seqs": 80,
    "vocab": 4100
  }
}