{
  "name": "stageA_50M",
  "params": 54566400,
  "peak_lr": 5e-05,
  "alpha_max": 0.5,
  "batch_size": 32,
  "seq_len": 128,
  "checkpoints": [
    {
      "step": 1000,
      "alpha": 0.5,
      "train_loss": 5.945634536743164,
      "tf_ppl": 295.6371014098292,
      "argmax_ppl": 1653.351087046485,
      "soft_ppl": 1593.3182059812177,
      "soft_advantage_pct": 3.6309820422054973,
      "delta_train_infer": 1297.6811045713885
    },
    {
      "step": 2000,
      "alpha": 0.5,
      "train_loss": 4.975082473754883,
      "tf_ppl": 94.12557578131407,
      "argmax_ppl": 3841.563727534707,
      "soft_ppl": 5627.657635330863,
      "soft_advantage_pct": -46.49392889135714,
      "delta_train_infer": 5533.532059549549
    },
    {
      "step": 4000,
      "alpha": 0.5,
      "train_loss": 4.182230501174927,
      "tf_ppl": 30.839748942410345,
      "argmax_ppl": 8493.09629303161,
      "soft_ppl": 16638.284825779996,
      "soft_advantage_pct": -95.9036404595027,
      "delta_train_infer": 16607.445076837586
    },
    {
      "step": 8000,
      "alpha": 0.5,
      "train_loss": 3.2429644775390627,
      "tf_ppl": 17.412393963785842,
      "argmax_ppl": 10662.545559484826,
      "soft_ppl": 6352.146969087438,
      "soft_advantage_pct": 40.42560537115914,
      "delta_train_infer": 6334.734575123653
    }
  ],
  "total_time_s": 598.1413681507111,
  "peak_memory_gb": 3.02263296
}