{
  "model": "v49_1.2B",
  "d_model": 2048,
  "vocab_size": 2261,
  "conditions": {
    "tf": {
      "ppl": 2.850059381856193
    },
    "argmax": {
      "ppl": 67.23287651087938
    },
    "soft_v50": {
      "ppl": 45.44488501518148
    },
    "sin_char": {
      "ppl": 106.09519132176476
    },
    "sin_char_soft": {
      "ppl": 119.55620944459714
    }
  },
  "tf_ppl": 2.850059381856193,
  "argmax_ppl": 67.23287651087938,
  "soft_ppl": 45.44488501518148,
  "sin_char_ppl": 106.09519132176476,
  "sin_char_soft_ppl": 119.55620944459714,
  "v50_advantage_pct": 32.4067519142547,
  "path_a_advantage_pct": -57.8025466523016,
  "synergy_pct_over_v50": -163.0795729918951
}