{
  "v28_5_ms": 828.4557342529297,
  "v30_ms": 1108.9990854263306,
  "v30_no_kv_ms": 876.0997533798218,
  "speedup_vs_v28_5": 0.7470301329729663,
  "kv_gen_params_M": 116.5472,
  "verifier_params_M": 554.85184
}