{
  "checkpoint": "v25",
  "z_mode": "zero",
  "PPL": 2.4713098037341963,
  "avg_loss": 0.9047482950011576,
  "decoder_params_M": 476.14208,
  "D_Z": 256,
  "T": 512,
  "n_val_samples": 1016,
  "n_batches": 254
}