{
  "checkpoint": "v36",
  "z_mode": "zero",
  "PPL": 2.8093103764492966,
  "avg_loss": 1.0329390355921166,
  "decoder_params_M": 570.36928,
  "D_Z": 256,
  "T": 512,
  "n_val_samples": 1016,
  "n_batches": 254
}