{
  "ppl_v28_5": 2.389393412026941,
  "speed_ms": 544.2390203475952,
  "speedup_vs_v25": 1.0841414747960063,
  "params_M": 554.85184
}