{
  "ppl_v28": 42.25651024116125,
  "speed_ms": 541.6248321533203,
  "speedup_vs_v25": 1.0789339285922714
}