{
  "v28_5_ms": 564.0442371368408,
  "v31_ms": 206.28814697265625,
  "speedup_vs_v28_5": 2.734254223591458,
  "speedup_vs_v26": 3.213951018174018,
  "accept_rate": 0.9554695062923524,
  "n_rounds_avg": 20,
  "drafter_M": 28.23936,
  "verifier_M": 554.85184
}