{
  "config": {
    "seq_len": 64,
    "n_steps": 500,
    "batch_size": 32,
    "d_model": 64,
    "lr": 0.001,
    "device": "cuda"
  },
  "cwf_mse": 0.007158146519213915,
  "ar_mse": 0.0028785471565788614,
  "ratio": 2.486721991979223,
  "verdict": "FAIL - CWF \u663e\u8457\u8f93 AR (>2x)",
  "cwf_closure_violations": 0,
  "cwf_loss_curve": [
    0.5215785503387451,
    0.2549022436141968,
    0.08401179313659668,
    0.037306047976017,
    0.02238202467560768,
    0.006863856688141823,
    0.006948711350560188,
    0.005950973369181156,
    0.004789380356669426,
    0.004514056257903576,
    0.00901935063302517,
    0.00799034908413887,
    0.010827729478478432,
    0.004770221654325724,
    0.004879653453826904,
    0.004145681392401457,
    0.008228141814470291,
    0.003758522216230631,
    0.006992992013692856,
    0.011165292002260685,
    0.01278622541576624,
    0.011815541423857212,
    0.014067772775888443,
    0.006579251494258642,
    0.004967060871422291
  ],
  "ar_loss_curve": [
    0.598309338092804,
    0.35126572847366333,
    0.23016560077667236,
    0.19834160804748535,
    0.12327168136835098,
    0.1168457642197609,
    0.08023981750011444,
    0.048461176455020905,
    0.025213029235601425,
    0.03212856501340866,
    0.019441751763224602,
    0.02083457261323929,
    0.034805409610271454,
    0.003828081302344799,
    0.03297474980354309,
    0.015541055239737034,
    0.0025929203256964684,
    0.0025798147544264793,
    0.0029109125025570393,
    0.005082308314740658,
    0.0028268578462302685,
    0.0016169091686606407,
    0.001566693652421236,
    0.0007566740969195962,
    0.0023973099887371063
  ]
}